attempt,session_id,library,protocol,method,runner_exit,status,acquisition_status,candidate_selection_success,exact_secret_match,authenticated_pcap_decryption,complete_end_to_end_recovery,no_candidate,ambiguous,false_candidate,manifest_valid
1,OPENSSL-TLS12-A-S01,openssl,TLS1.2,A,1,ClassifiedFailure,selected,1,0,0,0,0,0,1,True
2,OPENSSL-TLS12-A-S02,openssl,TLS1.2,A,1,ClassifiedFailure,selected,1,0,0,0,0,0,1,True
3,OPENSSL-TLS12-A-S03,openssl,TLS1.2,A,1,ClassifiedFailure,selected,1,0,0,0,0,0,1,True
4,OPENSSL-TLS12-A-S04,openssl,TLS1.2,A,1,ClassifiedFailure,selected,1,0,0,0,0,0,1,True
5,OPENSSL-TLS12-A-S05,openssl,TLS1.2,A,1,ClassifiedFailure,selected,1,0,0,0,0,0,1,True
6,OPENSSL-TLS12-D-S01,openssl,TLS1.2,D,0,Accepted,selected,1,1,1,1,0,0,0,True
7,OPENSSL-TLS12-D-S02,openssl,TLS1.2,D,0,Accepted,selected,1,1,1,1,0,0,0,True
8,OPENSSL-TLS12-D-S03,openssl,TLS1.2,D,0,Accepted,selected,1,1,1,1,0,0,0,True
9,OPENSSL-TLS12-D-S04,openssl,TLS1.2,D,0,Accepted,selected,1,1,1,1,0,0,0,True
10,OPENSSL-TLS12-D-S05,openssl,TLS1.2,D,0,Accepted,selected,1,1,1,1,0,0,0,True
11,OPENSSL-TLS13-A-S01,openssl,TLS1.3,A,1,ClassifiedFailure,no_candidate,0,0,0,0,1,0,0,True
12,OPENSSL-TLS13-A-S02,openssl,TLS1.3,A,1,ClassifiedFailure,no_candidate,0,0,0,0,1,0,0,True
13,OPENSSL-TLS13-A-S03,openssl,TLS1.3,A,1,ClassifiedFailure,no_candidate,0,0,0,0,1,0,0,True
14,OPENSSL-TLS13-A-S04,openssl,TLS1.3,A,1,ClassifiedFailure,no_candidate,0,0,0,0,1,0,0,True
15,OPENSSL-TLS13-A-S05,openssl,TLS1.3,A,1,ClassifiedFailure,no_candidate,0,0,0,0,1,0,0,True
16,OPENSSL-TLS13-D-S01,openssl,TLS1.3,D,0,Accepted,selected,1,1,1,1,0,0,0,True
17,OPENSSL-TLS13-D-S02,openssl,TLS1.3,D,0,Accepted,selected,1,1,1,1,0,0,0,True
18,OPENSSL-TLS13-D-S03,openssl,TLS1.3,D,0,Accepted,selected,1,1,1,1,0,0,0,True
19,OPENSSL-TLS13-D-S04,openssl,TLS1.3,D,0,Accepted,selected,1,1,1,1,0,0,0,True
20,OPENSSL-TLS13-D-S05,openssl,TLS1.3,D,0,Accepted,selected,1,1,1,1,0,0,0,True
21,WOLFSSL-TLS12-A-S01,wolfssl,TLS1.2,A,0,Accepted,selected,1,1,1,1,0,0,0,True
22,WOLFSSL-TLS12-A-S02,wolfssl,TLS1.2,A,0,Accepted,selected,1,1,1,1,0,0,0,True
23,WOLFSSL-TLS12-A-S03,wolfssl,TLS1.2,A,0,Accepted,selected,1,1,1,1,0,0,0,True
24,WOLFSSL-TLS12-A-S04,wolfssl,TLS1.2,A,0,Accepted,selected,1,1,1,1,0,0,0,True
25,WOLFSSL-TLS12-A-S05,wolfssl,TLS1.2,A,0,Accepted,selected,1,1,1,1,0,0,0,True
26,WOLFSSL-TLS12-D-S01,wolfssl,TLS1.2,D,0,Accepted,selected,1,1,1,1,0,0,0,True
27,WOLFSSL-TLS12-D-S02,wolfssl,TLS1.2,D,0,Accepted,selected,1,1,1,1,0,0,0,True
28,WOLFSSL-TLS12-D-S03,wolfssl,TLS1.2,D,0,Accepted,selected,1,1,1,1,0,0,0,True
29,WOLFSSL-TLS12-D-S04,wolfssl,TLS1.2,D,0,Accepted,selected,1,1,1,1,0,0,0,True
30,WOLFSSL-TLS12-D-S05,wolfssl,TLS1.2,D,0,Accepted,selected,1,1,1,1,0,0,0,True
31,WOLFSSL-TLS13-A-S01,wolfssl,TLS1.3,A,0,Accepted,selected,1,1,1,1,0,0,0,True
32,WOLFSSL-TLS13-A-S02,wolfssl,TLS1.3,A,0,Accepted,selected,1,1,1,1,0,0,0,True
33,WOLFSSL-TLS13-A-S03,wolfssl,TLS1.3,A,0,Accepted,selected,1,1,1,1,0,0,0,True
34,WOLFSSL-TLS13-A-S04,wolfssl,TLS1.3,A,0,Accepted,selected,1,1,1,1,0,0,0,True
35,WOLFSSL-TLS13-A-S05,wolfssl,TLS1.3,A,0,Accepted,selected,1,1,1,1,0,0,0,True
36,WOLFSSL-TLS13-D-S01,wolfssl,TLS1.3,D,0,Accepted,selected,1,1,1,1,0,0,0,True
37,WOLFSSL-TLS13-D-S02,wolfssl,TLS1.3,D,0,Accepted,selected,1,1,1,1,0,0,0,True
38,WOLFSSL-TLS13-D-S03,wolfssl,TLS1.3,D,0,Accepted,selected,1,1,1,1,0,0,0,True
39,WOLFSSL-TLS13-D-S04,wolfssl,TLS1.3,D,0,Accepted,selected,1,1,1,1,0,0,0,True
40,WOLFSSL-TLS13-D-S05,wolfssl,TLS1.3,D,0,Accepted,selected,1,1,1,1,0,0,0,True
