case_id,run_number,session_number,runner_exit_code,status,fully_recovered,frida_events,verified_candidate_groups,manifest_sha256
FIREFOX-NSS-TLS13-FINAL-MEASURED-001-R01-S001,1,1,0,Eligible and fully recovered,True,10,10,e4e61ea8d68f98a4887feeef89c8cc6548a06457dbbdb28d6c31458c5debba34
FIREFOX-NSS-TLS13-FINAL-MEASURED-001-R01-S002,1,2,0,Eligible and fully recovered,True,10,10,81dbb7c10d8dd79888a631ef9d6d14c278274892df778168012c554257e39ca5
FIREFOX-NSS-TLS13-FINAL-MEASURED-001-R01-S003,1,3,0,Eligible and fully recovered,True,10,10,2d3920ad69c9c76442e683cb0ed8bd0adc79ffb6e080cb8998526eb1d3887303
FIREFOX-NSS-TLS13-FINAL-MEASURED-001-R01-S004,1,4,0,Eligible and fully recovered,True,10,10,435b31d04e829ee2f8bfc15f2ee4c470b1adfebc06204018eeeac5e4b47b677e
FIREFOX-NSS-TLS13-FINAL-MEASURED-001-R01-S005,1,5,0,Eligible and fully recovered,True,10,10,9e871fa84a19764f57c7609b5f7f4363ef29bf134814f2d8bf5a743c6134df84
FIREFOX-NSS-TLS13-FINAL-MEASURED-001-R01-S006,1,6,0,Eligible and fully recovered,True,10,10,d5a86b790f8d333daf8d0f95a950fee65d3e4f40edd7f81e255f9ae594058ede
FIREFOX-NSS-TLS13-FINAL-MEASURED-001-R01-S007,1,7,0,Eligible and fully recovered,True,10,10,d85380f3406613f5ebf8918321caa16b12425145e9948afbc2e5047a659194cd
FIREFOX-NSS-TLS13-FINAL-MEASURED-001-R01-S008,1,8,0,Eligible and fully recovered,True,10,10,fa6916a544d8652ca6ec165d50aa7147f2999cfce5043429b5b068943a0205ac
FIREFOX-NSS-TLS13-FINAL-MEASURED-001-R01-S009,1,9,0,Eligible and fully recovered,True,10,10,ff24ec81106ed1333bcc5ec3e15567208e8fe0a6cbabadb7ad84d12786c8f467
FIREFOX-NSS-TLS13-FINAL-MEASURED-001-R01-S010,1,10,0,Eligible and fully recovered,True,10,10,c5be94cf1b125d6a7ce41fd2266709ebec00f90205f8bb0c34b93c8eff71893c
FIREFOX-NSS-TLS13-FINAL-MEASURED-001-R01-S011,1,11,0,Eligible and fully recovered,True,10,10,99237913929790e858166aa6108a67f3f1f4a1d6f1c8a9da0913e7ecbba9588c
FIREFOX-NSS-TLS13-FINAL-MEASURED-001-R01-S012,1,12,0,Eligible and fully recovered,True,10,10,028c17916721850c283c15ae0a0c4ef5057d4498533f16dfb9d63b540843ad6f
FIREFOX-NSS-TLS13-FINAL-MEASURED-001-R01-S013,1,13,0,Eligible and fully recovered,True,10,10,fcbd311bc2fe469f4333852cb489395155efed6249c0b9b80a7aa51a78a87263
FIREFOX-NSS-TLS13-FINAL-MEASURED-001-R01-S014,1,14,0,Eligible and fully recovered,True,10,10,5bf94237386cea3bad9821b95149b0e5768269cb348deb534260ed936c6c7375
FIREFOX-NSS-TLS13-FINAL-MEASURED-001-R01-S015,1,15,0,Eligible and fully recovered,True,10,10,00752ea9f4c1309f66ab9f9a661d326c07a960c85c27b10e850fe3b085a87050
FIREFOX-NSS-TLS13-FINAL-MEASURED-001-R01-S016,1,16,0,Eligible and fully recovered,True,10,10,733b8cbd84c72842ee27d2d700c4712bded95b4074c1ad4f1c13daeb1b9d204b
FIREFOX-NSS-TLS13-FINAL-MEASURED-001-R01-S017,1,17,0,Eligible and fully recovered,True,10,10,f8abf9c666df8746cacf48276d9b4155de3ae189afccedfc236195963c3857d2
FIREFOX-NSS-TLS13-FINAL-MEASURED-001-R01-S018,1,18,0,Eligible and fully recovered,True,10,10,36ba93c6010e20b92c17b625af41a2bc705ea76cd024c24eddfa516110860b4e
FIREFOX-NSS-TLS13-FINAL-MEASURED-001-R01-S019,1,19,0,Eligible and fully recovered,True,10,10,bceffbe6736a117f8d71b4b6bbdc2f343300582374e5d8e344946399031ee8a5
FIREFOX-NSS-TLS13-FINAL-MEASURED-001-R01-S020,1,20,0,Eligible and fully recovered,True,10,10,23f52d79da5d5920b9730c165737a30c37da6a3fd69c2b84decfa23f9d323809
FIREFOX-NSS-TLS13-FINAL-MEASURED-001-R01-S021,1,21,0,Eligible and fully recovered,True,10,10,bd54faa2cb4574c7de5a7be962d9182cc61f980a80351bf03654c2411ba9b5e6
FIREFOX-NSS-TLS13-FINAL-MEASURED-001-R01-S022,1,22,0,Eligible and fully recovered,True,10,10,9d1761c9b32c0e017ef1ecd7cd2e886da013aa6d64df96305173edae3e587032
FIREFOX-NSS-TLS13-FINAL-MEASURED-001-R01-S023,1,23,0,Eligible and fully recovered,True,10,10,d2a30b5da7a9553a35fef67d707a9853d7c3d4d6dd810e7de297a0406fe519da
FIREFOX-NSS-TLS13-FINAL-MEASURED-001-R01-S024,1,24,0,Eligible and fully recovered,True,10,10,25dc4ebfd8afd7c610a8d835c4e65dbbe4d70d98016e1b9c2d4ca2c929fd49ce
FIREFOX-NSS-TLS13-FINAL-MEASURED-001-R01-S025,1,25,0,Eligible and fully recovered,True,10,10,be0382222c636481fd4a3931cd6ced330d7171eb46f745ce16032c72ee7c63c2
FIREFOX-NSS-TLS13-FINAL-MEASURED-001-R01-S026,1,26,0,Eligible and fully recovered,True,10,10,da85cd663046a940a6fd2165bbb1ed398e17468510e1c7a29cee6bd5ba815213
FIREFOX-NSS-TLS13-FINAL-MEASURED-001-R01-S027,1,27,0,Eligible and fully recovered,True,10,10,e2b5bfde9bde597d5f091f4c4b51a17582542279b9bbe8c7168827e435a62958
FIREFOX-NSS-TLS13-FINAL-MEASURED-001-R01-S028,1,28,0,Eligible and fully recovered,True,10,10,4fff3cba69f6eb969cdf2e2175959a34cb55254008f04ac8a21efa1e17111e98
FIREFOX-NSS-TLS13-FINAL-MEASURED-001-R01-S029,1,29,0,Eligible and fully recovered,True,10,10,7725a06681a300d932139d9f936b0316b8ef17a88ba87f90fa05d3fda06c9333
FIREFOX-NSS-TLS13-FINAL-MEASURED-001-R01-S030,1,30,0,Eligible and fully recovered,True,10,10,04ffcfd8eeb8649afeae7fe9b197bd58ba69cd2c55bde88ddb1682fa097f0802
FIREFOX-NSS-TLS13-FINAL-MEASURED-001-R02-S001,2,1,0,Eligible and fully recovered,True,10,10,232d4bcccfd50f6108ab87ea298cbd4a4f69284a40a6515bdb777dd866459d89
FIREFOX-NSS-TLS13-FINAL-MEASURED-001-R02-S002,2,2,0,Eligible and fully recovered,True,10,10,6f4ac17bb03fe52068fd8dfc27958ad64970acea5174e7f717c7c29af458581a
FIREFOX-NSS-TLS13-FINAL-MEASURED-001-R02-S003,2,3,0,Eligible and fully recovered,True,10,10,43214224d4ada89dc30a5a7dbc7500d9934cd2f7cc55214fab7c305d466a387d
FIREFOX-NSS-TLS13-FINAL-MEASURED-001-R02-S004,2,4,0,Eligible and fully recovered,True,10,10,920def5002d5cce0d2c516325e080269f00a9b2e9d14531761b8eedf47adaf23
FIREFOX-NSS-TLS13-FINAL-MEASURED-001-R02-S005,2,5,0,Eligible and fully recovered,True,10,10,57d1a9444bab6a12feab4892638f621ddf8467e4b9080d5b4e07c2080994b670
FIREFOX-NSS-TLS13-FINAL-MEASURED-001-R02-S006,2,6,0,Eligible and fully recovered,True,10,10,14ad1abc5ddecd78a12726fcbaa7841f5bc9964ab19567cd8357a58f0c3abd92
FIREFOX-NSS-TLS13-FINAL-MEASURED-001-R02-S007,2,7,0,Eligible and fully recovered,True,10,10,634a246147e0b84daa62bffa5dbf5da704ce6ef488379de0823915598cf1ea97
FIREFOX-NSS-TLS13-FINAL-MEASURED-001-R02-S008,2,8,0,Eligible and fully recovered,True,10,10,3d5d612d77c24a2c8d47c02bd1436a239e20cb21909cf01b6c7bf08761ea71ff
FIREFOX-NSS-TLS13-FINAL-MEASURED-001-R02-S009,2,9,0,Eligible and fully recovered,True,10,10,cf5810dbe5181abb02ce4fd2725a476a8dcd97de71aaf380b80fb2aedc422497
FIREFOX-NSS-TLS13-FINAL-MEASURED-001-R02-S010,2,10,0,Eligible and fully recovered,True,10,10,a4c8a1ea60209a862924e68798b20ceb8c3ba8d6dbface11e88942dd1bc82ab6
FIREFOX-NSS-TLS13-FINAL-MEASURED-001-R02-S011,2,11,0,Eligible and fully recovered,True,10,10,714f00a37691747bbd5539373854cff21fd170b07a0952453ef114c61a82d3e2
FIREFOX-NSS-TLS13-FINAL-MEASURED-001-R02-S012,2,12,0,Eligible and fully recovered,True,10,10,f1aed349b23a12666eeadbb1bdfebe3b121e2b91a05045a9ca1f4e1ea0f73b4c
FIREFOX-NSS-TLS13-FINAL-MEASURED-001-R02-S013,2,13,0,Eligible and fully recovered,True,10,10,66a4b90143b546c5db7138eedd3361f0dd4972e695509bf59e423f22e85a3c2f
FIREFOX-NSS-TLS13-FINAL-MEASURED-001-R02-S014,2,14,0,Eligible and fully recovered,True,10,10,c2bb1973ea5d0b6c61964ac0ec0bf079932cff861873344cfc32f4dec86d3e35
FIREFOX-NSS-TLS13-FINAL-MEASURED-001-R02-S015,2,15,0,Eligible and fully recovered,True,10,10,ce19ecdcfb15f950b8c92bffd884c6455ea0194934076f3fc914534142762c13
FIREFOX-NSS-TLS13-FINAL-MEASURED-001-R02-S016,2,16,0,Eligible and fully recovered,True,10,10,bccb1ac396d49286f9222f028334c0629e8c924f29a47a6b2a283d7a68ac63bf
FIREFOX-NSS-TLS13-FINAL-MEASURED-001-R02-S017,2,17,0,Eligible and fully recovered,True,10,10,054016a4045b1f8e17a861284756479b5800bfee4d902766c2086dfe60d885ac
FIREFOX-NSS-TLS13-FINAL-MEASURED-001-R02-S018,2,18,0,Eligible and fully recovered,True,10,10,6569de8dac3067daed54714feb97e814e35788e9b4af9d375f4c02b971f09982
FIREFOX-NSS-TLS13-FINAL-MEASURED-001-R02-S019,2,19,0,Eligible and fully recovered,True,10,10,27f99760094ee1fb7a6eed1c6fb3846e99d2ca5b73301d738e4c3c14e8721a4e
FIREFOX-NSS-TLS13-FINAL-MEASURED-001-R02-S020,2,20,0,Eligible and fully recovered,True,10,10,ef30cf6c01633f75b1a6f6b8533a2341afb8510dd92e39817a40fe7fdccda28a
FIREFOX-NSS-TLS13-FINAL-MEASURED-001-R02-S021,2,21,0,Eligible and fully recovered,True,10,10,2ae0b1a2b7c169b16d976c2695509f6eda58d543739c0b06a388d1e4db98ce61
FIREFOX-NSS-TLS13-FINAL-MEASURED-001-R02-S022,2,22,0,Eligible and fully recovered,True,10,10,fa2b7a978025d27c2dc7e879107a30c8dc917a9c762ec0d2a35fcea51b41bb3d
FIREFOX-NSS-TLS13-FINAL-MEASURED-001-R02-S023,2,23,0,Eligible and fully recovered,True,10,10,721b349a6a8f62e166874aba904bba226c3b1df489ec645dfa8649e794dc6b7d
FIREFOX-NSS-TLS13-FINAL-MEASURED-001-R02-S024,2,24,0,Eligible and fully recovered,True,10,10,e2be056cbcafe78369d20454687f4606e01db438eee89f0fa8fb854c9f6539b9
FIREFOX-NSS-TLS13-FINAL-MEASURED-001-R02-S025,2,25,0,Eligible and fully recovered,True,10,10,82232489a5f26c12efa129bb1b07a62571025ffff53710da7fcb074ba93bc123
FIREFOX-NSS-TLS13-FINAL-MEASURED-001-R02-S026,2,26,0,Eligible and fully recovered,True,10,10,cc22c35de4d2e092bf2b9b7550e4b54fbac8046e198cd17c10487abea9dd537a
FIREFOX-NSS-TLS13-FINAL-MEASURED-001-R02-S027,2,27,0,Eligible and fully recovered,True,10,10,af300a7f0735e54e246b3496b02af9ce4c3458c990dee9000387c8f28434e948
FIREFOX-NSS-TLS13-FINAL-MEASURED-001-R02-S028,2,28,0,Eligible and fully recovered,True,10,10,12e21957a3873dfb3f7f9a986e86313404abf319d0d8bc2a9d7b04e6d7df8bfd
FIREFOX-NSS-TLS13-FINAL-MEASURED-001-R02-S029,2,29,0,Eligible and fully recovered,True,10,10,f25562d7498311744bb734311e954e99b53c10703e7e102b0ba0db5b1150bb8d
FIREFOX-NSS-TLS13-FINAL-MEASURED-001-R02-S030,2,30,0,Eligible and fully recovered,True,10,10,f9bf99cd78d03905f496ef8f797c47c85fa3b59f4f89bd5270249f69635a9b12
FIREFOX-NSS-TLS13-FINAL-MEASURED-001-R03-S001,3,1,0,Eligible and fully recovered,True,10,10,62c26f5ca55cb715c4ebb88cea43cca7b0efb2b77897030dfb21ee592a770858
FIREFOX-NSS-TLS13-FINAL-MEASURED-001-R03-S002,3,2,0,Eligible and fully recovered,True,10,10,3947811e614487d07a6922cc075c4702e339fc0c9a069789b801386012e8cb1b
FIREFOX-NSS-TLS13-FINAL-MEASURED-001-R03-S003,3,3,0,Eligible and fully recovered,True,10,10,7fcd079af69b919ed91743fe98d7b42931acfe45674b285589b9329f7193d5f6
FIREFOX-NSS-TLS13-FINAL-MEASURED-001-R03-S004,3,4,0,Eligible and fully recovered,True,10,10,a4f8db5dc1f038ac1d2da04fcffa66ab8565a99d41c73a22f980a639c34a724f
FIREFOX-NSS-TLS13-FINAL-MEASURED-001-R03-S005,3,5,0,Eligible and fully recovered,True,10,10,b4cd62371112304ad8bd0a12078f9222196d4ab248446f86bf4cdfbbfd645110
FIREFOX-NSS-TLS13-FINAL-MEASURED-001-R03-S006,3,6,0,Eligible and fully recovered,True,10,10,e7e3ba7450decd8e77086c44c90c9ab0b3f9eb45d79e7bc06cde0bb3153ebf7d
FIREFOX-NSS-TLS13-FINAL-MEASURED-001-R03-S007,3,7,0,Eligible and fully recovered,True,10,10,f6aba10f0210a406b63883b8d25afaf580d39f01f932ebd0c2fafb15ef94d6bf
FIREFOX-NSS-TLS13-FINAL-MEASURED-001-R03-S008,3,8,0,Eligible and fully recovered,True,10,10,02b6f11a370ccc5f31b9f376c775ebf407718d56d550f65339121625b22f1267
FIREFOX-NSS-TLS13-FINAL-MEASURED-001-R03-S009,3,9,0,Eligible and fully recovered,True,10,10,7833e08ad77dfec99b9fbde72f80f8eab26ecc12dc50a0a7c2dc0a62092461c1
FIREFOX-NSS-TLS13-FINAL-MEASURED-001-R03-S010,3,10,0,Eligible and fully recovered,True,10,10,7f3eae4ae9a151606194669a1c01fb791847160e06726e7329c2e6be3b03de6a
FIREFOX-NSS-TLS13-FINAL-MEASURED-001-R03-S011,3,11,0,Eligible and fully recovered,True,10,10,af7de491811e16f579211f7c532d050b03d830766475fce62cfb7fb7d244c355
FIREFOX-NSS-TLS13-FINAL-MEASURED-001-R03-S012,3,12,0,Eligible and fully recovered,True,10,10,8603275a487f5688c3caca1d770e757f2f2377b73310f27ef9debaadc8a898a0
FIREFOX-NSS-TLS13-FINAL-MEASURED-001-R03-S013,3,13,0,Eligible and fully recovered,True,10,10,826f368693b1e48d8908e395b0c9e632fbdfeb75422df95d818cdc0eb6f38987
FIREFOX-NSS-TLS13-FINAL-MEASURED-001-R03-S014,3,14,0,Eligible and fully recovered,True,10,10,f2aaba619aceff75731ef9013b4b0f1f07a21a7fdd5fcb645c9bb6022ef71518
FIREFOX-NSS-TLS13-FINAL-MEASURED-001-R03-S015,3,15,0,Eligible and fully recovered,True,10,10,6ac74b7f14e758c4986b2a746ca1d92db374815e64867e2726e30882bf7cd4a9
FIREFOX-NSS-TLS13-FINAL-MEASURED-001-R03-S016,3,16,0,Eligible and fully recovered,True,10,10,e1980f63c671aa83ad7235f80631aaa9c4f313edb5926d130f6cbc2210874c0e
FIREFOX-NSS-TLS13-FINAL-MEASURED-001-R03-S017,3,17,0,Eligible and fully recovered,True,10,10,e5136e649331f47db54742befeb530a51429a4c9ba14eb57d5c980f26621a574
FIREFOX-NSS-TLS13-FINAL-MEASURED-001-R03-S018,3,18,0,Eligible and fully recovered,True,10,10,02154de77fcb2fe8906031054c4ae706994d2cc82a196c29e14d85cad272253d
FIREFOX-NSS-TLS13-FINAL-MEASURED-001-R03-S019,3,19,0,Eligible and fully recovered,True,10,10,1f145814e5baf9b82dd7c3d0ebd4c493d1856cd5f9200c01d29c901bac7eab72
FIREFOX-NSS-TLS13-FINAL-MEASURED-001-R03-S020,3,20,0,Eligible and fully recovered,True,10,10,7b836d54c7e338bb6f3029c87c66a0d6d1ae1ec312ac04fb660cff07c9b45f7e
FIREFOX-NSS-TLS13-FINAL-MEASURED-001-R03-S021,3,21,0,Eligible and fully recovered,True,10,10,11f0e112263b7b46dc96849d3304aecb2ed5fe28fef7644d48f6a108f712e784
FIREFOX-NSS-TLS13-FINAL-MEASURED-001-R03-S022,3,22,0,Eligible and fully recovered,True,10,10,ac1b084b1a6da5833104e56db4cfabcc559348ae1f92b97e2e232d8cfdd3b2aa
FIREFOX-NSS-TLS13-FINAL-MEASURED-001-R03-S023,3,23,0,Eligible and fully recovered,True,10,10,c1dbf12b60a3cb86ccf7a650f7cd66d9bad91bed7e135c3326afcc8af3079e72
FIREFOX-NSS-TLS13-FINAL-MEASURED-001-R03-S024,3,24,0,Eligible and fully recovered,True,10,10,a706d494900b5e295f0b0d1f53a45c1f8fbf11424105a2aeb2e3d57806f1e3d8
FIREFOX-NSS-TLS13-FINAL-MEASURED-001-R03-S025,3,25,0,Eligible and fully recovered,True,10,10,d92c337822f64ff989001488ca92c963907ad0e5c1d49233e666e73689f4e984
FIREFOX-NSS-TLS13-FINAL-MEASURED-001-R03-S026,3,26,0,Eligible and fully recovered,True,10,10,bc2cad341da705862f011696a9426cf725c217021aca62fb4d8b64839ee84559
FIREFOX-NSS-TLS13-FINAL-MEASURED-001-R03-S027,3,27,0,Eligible and fully recovered,True,10,10,a03b276c1734faec77634ddef3f2c790d3dd9be882719f539646450194f5b6df
FIREFOX-NSS-TLS13-FINAL-MEASURED-001-R03-S028,3,28,0,Eligible and fully recovered,True,10,10,a696efe1f559ee9ea158450fd1760a18b82351f0359802c1eab7050dc2ed6192
FIREFOX-NSS-TLS13-FINAL-MEASURED-001-R03-S029,3,29,0,Eligible and fully recovered,True,10,10,9f4cb868dd7d5af1bd220ad70884443282c4bb86f42594646d4052a999ac9cb0
FIREFOX-NSS-TLS13-FINAL-MEASURED-001-R03-S030,3,30,0,Eligible and fully recovered,True,10,10,976ffd107405c0d25960a8bc4e27ee51f6f649c6e4caba93438c60ed0f9eda7d
