case_id,run_number,session_number,runner_exit_code,status,fully_recovered,acquisition_status,acquisition_sealed,exact_server_reference_match,authenticated_decryption,frida_events,verified_candidate_groups,manifest_sha256,manifest_valid
FIREFOX-NSS-TLS12-FINAL-MEASURED-001-R01-S001,1,1,0,Eligible and fully recovered,True,selected,True,True,True,1,1,fc07264067acb0b73f5f920adc518cf0a6a6f5126fdb55967978900edecf431a,True
FIREFOX-NSS-TLS12-FINAL-MEASURED-001-R01-S002,1,2,0,Eligible and fully recovered,True,selected,True,True,True,1,1,38bb4fe7b29ffa33a9b5b498481a46c9d1607aef020e014035972a64fa5cc41e,True
FIREFOX-NSS-TLS12-FINAL-MEASURED-001-R01-S003,1,3,0,Eligible and fully recovered,True,selected,True,True,True,1,1,1612e23970f07c83131b5d77509deaf681c8c8f3e1a15b8e00ecde67bb7ef008,True
FIREFOX-NSS-TLS12-FINAL-MEASURED-001-R01-S004,1,4,0,Eligible and fully recovered,True,selected,True,True,True,1,1,71d6f6f51b052fd522fabffe7084e42df9e373669cc4cbe741a8ac7b33cd497a,True
FIREFOX-NSS-TLS12-FINAL-MEASURED-001-R01-S005,1,5,0,Eligible and fully recovered,True,selected,True,True,True,1,1,6c1b509e1f54b2b350ded436ac0bbb1b52392b0d64e726a439b0f3d4b494543c,True
FIREFOX-NSS-TLS12-FINAL-MEASURED-001-R01-S006,1,6,0,Eligible and fully recovered,True,selected,True,True,True,1,1,c8ba8b7b5fad96a7d16f561b6d942e794a21dc210f21d29a3f0ec917a44eb502,True
FIREFOX-NSS-TLS12-FINAL-MEASURED-001-R01-S007,1,7,0,Eligible and fully recovered,True,selected,True,True,True,1,1,8f8177df7a688359041d85e7942ca222af4e2e5b80cf4f4047bf28fa610dd0b0,True
FIREFOX-NSS-TLS12-FINAL-MEASURED-001-R01-S008,1,8,0,Eligible and fully recovered,True,selected,True,True,True,1,1,0f5903c6cea550a2de4d8e82efcff2392892850a44c0f0f3593d27b21a15f7d3,True
FIREFOX-NSS-TLS12-FINAL-MEASURED-001-R01-S009,1,9,0,Eligible and fully recovered,True,selected,True,True,True,1,1,b30e390683a1876d5b41a15a48efa09d8fe483f9346e22a922de01ec9f74631b,True
FIREFOX-NSS-TLS12-FINAL-MEASURED-001-R01-S010,1,10,0,Eligible and fully recovered,True,selected,True,True,True,1,1,e67ebfeee3529b24f7ff6dc04289193af310d73664b04d48ce467684ed1c4f9c,True
FIREFOX-NSS-TLS12-FINAL-MEASURED-001-R02-S001,2,1,0,Eligible and fully recovered,True,selected,True,True,True,1,1,4087702e441141e86e86d114964002aa4ea0ea0a84f7dbba020fda879f44e82b,True
FIREFOX-NSS-TLS12-FINAL-MEASURED-001-R02-S002,2,2,0,Eligible and fully recovered,True,selected,True,True,True,1,1,1092bb7c32b41b4e5a94a203cf2931ebbeccb05e640742f2bb67d52ec90d9aad,True
FIREFOX-NSS-TLS12-FINAL-MEASURED-001-R02-S003,2,3,0,Eligible and fully recovered,True,selected,True,True,True,1,1,26f9ac79ddd42cd28302ee031d224223e366c364431201c2319ce041589ec268,True
FIREFOX-NSS-TLS12-FINAL-MEASURED-001-R02-S004,2,4,0,Eligible and fully recovered,True,selected,True,True,True,1,1,aa271548e115f5714a8514a2d16b184621cbef8a7c00edf9d49a3aabbe7caa70,True
FIREFOX-NSS-TLS12-FINAL-MEASURED-001-R02-S005,2,5,0,Eligible and fully recovered,True,selected,True,True,True,1,1,b8d6ccdbfe1113ad9dee8e896e3c4d0c69e761fdaf11ec6a3bf88f888870c426,True
FIREFOX-NSS-TLS12-FINAL-MEASURED-001-R02-S006,2,6,0,Eligible and fully recovered,True,selected,True,True,True,1,1,939371e3345c3f91661602f3703667c56e031d6ae4d9e73feb9fb9f6fb812578,True
FIREFOX-NSS-TLS12-FINAL-MEASURED-001-R02-S007,2,7,0,Eligible and fully recovered,True,selected,True,True,True,1,1,21a5ef7321cce10500b6368f7b40d3200f8eff016db80b49edd106ab97f0a47e,True
FIREFOX-NSS-TLS12-FINAL-MEASURED-001-R02-S008,2,8,0,Eligible and fully recovered,True,selected,True,True,True,1,1,f40ac82fd2b03945674efa4c16be94d97e5eb528faab775f008be31e429faae3,True
FIREFOX-NSS-TLS12-FINAL-MEASURED-001-R02-S009,2,9,0,Eligible and fully recovered,True,selected,True,True,True,1,1,f41aaeff32811c2a27e3612801d3bda25693c71b272c7e135798dcda0481c820,True
FIREFOX-NSS-TLS12-FINAL-MEASURED-001-R02-S010,2,10,0,Eligible and fully recovered,True,selected,True,True,True,1,1,ff3216aca0755377d73eca0b6c8b74fdba7cf3accb1351eb18183a97b9f551b4,True
FIREFOX-NSS-TLS12-FINAL-MEASURED-001-R03-S001,3,1,0,Eligible and fully recovered,True,selected,True,True,True,1,1,8def426eccf3ab8d628f2016e5fb1646fc62cde0b22a44d97479b1c52002eac3,True
FIREFOX-NSS-TLS12-FINAL-MEASURED-001-R03-S002,3,2,0,Eligible and fully recovered,True,selected,True,True,True,1,1,ed1b1eaae61450f522e7b24c8a20047de3dfb44de12c698efbfeea793818c991,True
FIREFOX-NSS-TLS12-FINAL-MEASURED-001-R03-S003,3,3,0,Eligible and fully recovered,True,selected,True,True,True,1,1,4f0e4c1f2974d99439b5da37f4c60f6b0ce6afffd1c3a9213f8be3aa6b718c6f,True
FIREFOX-NSS-TLS12-FINAL-MEASURED-001-R03-S004,3,4,0,Eligible and fully recovered,True,selected,True,True,True,1,1,9d4c1d410b8451a9a79e4051c13e3db5f8a41a401708323227f8f11739924756,True
FIREFOX-NSS-TLS12-FINAL-MEASURED-001-R03-S005,3,5,0,Eligible and fully recovered,True,selected,True,True,True,1,1,42349aa3c2c3f20291d5aabc25b6ab420267a7ce1224387dcb18ea7e008c0cfa,True
FIREFOX-NSS-TLS12-FINAL-MEASURED-001-R03-S006,3,6,0,Eligible and fully recovered,True,selected,True,True,True,1,1,c8fd273007371c2b170dc521615d6947c9bf71c7bc62a4dedfd146f66b4a187d,True
FIREFOX-NSS-TLS12-FINAL-MEASURED-001-R03-S007,3,7,0,Eligible and fully recovered,True,selected,True,True,True,1,1,1bbaa6a0eec4a4fec087c09abee1f5b11a0df943f57468d3897f9e0fd8e29ba3,True
FIREFOX-NSS-TLS12-FINAL-MEASURED-001-R03-S008,3,8,0,Eligible and fully recovered,True,selected,True,True,True,1,1,80fab05572d2b4fbc830c0808fa31b7fa70bf916375464851adbb1584d2cfc43,True
FIREFOX-NSS-TLS12-FINAL-MEASURED-001-R03-S009,3,9,0,Eligible and fully recovered,True,selected,True,True,True,1,1,eee48ef0afd97d9f5cdaa22c300333a8612bff42affaea7050469492f3c942af,True
FIREFOX-NSS-TLS12-FINAL-MEASURED-001-R03-S010,3,10,0,Eligible and fully recovered,True,selected,True,True,True,1,1,db517d1f82fef461be63c9fdc8b33cfc66c40e8e35dc8d6e8f1fd5610567f681,True
